{
  "exp": "02",
  "description": "Low LR + domain randomisation",
  "effect": "Conservative updates with full randomisation. Slower but finer gradient steps may find a more robust policy that generalises better to unseen terrain.",
  "config": {
    "learning_rate": 0.0001,
    "gamma": 0.99,
    "n_steps": 4096,
    "batch_size": 256,
    "n_epochs": 10,
    "clip_range": 0.2,
    "ent_coef": 0.1,
    "use_curriculum": false
  },
  "eval_results": {
    "timesteps": [
      5000,
      10000,
      15000,
      20000,
      25000,
      30000,
      35000,
      40000,
      45000,
      50000,
      55000,
      60000,
      65000,
      70000,
      75000,
      80000,
      85000,
      90000,
      95000,
      100000,
      105000,
      110000,
      115000,
      120000,
      125000,
      130000,
      135000,
      140000,
      145000,
      150000,
      155000,
      160000,
      165000,
      170000,
      175000,
      180000,
      185000,
      190000,
      195000,
      200000
    ],
    "mean_rewards": [
      1028.50996872,
      1147.79972858,
      1118.6397818599999,
      1109.9495068600002,
      1006.2665177000001,
      1038.6411726000001,
      1004.9434250600002,
      1038.3280155,
      973.2080347,
      1148.11934882,
      1121.4113274400002,
      1065.1046615999999,
      1020.7948837399999,
      994.2368189000002,
      1090.44200432,
      1145.2742433600001,
      1057.31311038,
      1117.9623547200001,
      1082.6065979799998,
      1055.303499,
      1101.0685089400001,
      1086.31627908,
      933.61924028,
      968.38253298,
      947.6612042400001,
      977.64247544,
      1144.5857428,
      1016.2489328600001,
      1026.19942938,
      1164.7932062000002,
      1157.94901672,
      1121.95315122,
      1146.4809125399997,
      1122.18232888,
      1118.4587885400001,
      1100.79664422,
      1020.2067741199999,
      1084.1292052600002,
      1056.2823352999999,
      1056.58867024
    ]
  },
  "entropy_log": [],
  "reward_log": [],
  "steps_log": [],
  "checkpoint": "/kaggle/working/ARIA_results/checkpoints/ppo_exp_02"
}