{
  "exp": "01",
  "description": "Baseline + domain randomisation",
  "effect": "Baseline PPO with full zone randomisation every episode. Agent must learn terrain-agnostic strategy across all training zones. Direct fix for the generalisation failure.",
  "config": {
    "learning_rate": 0.0003,
    "gamma": 0.99,
    "n_steps": 4096,
    "batch_size": 256,
    "n_epochs": 10,
    "clip_range": 0.2,
    "ent_coef": 0.1,
    "use_curriculum": false
  },
  "eval_results": {
    "timesteps": [
      5000,
      10000,
      15000,
      20000,
      25000,
      30000,
      35000,
      40000,
      45000,
      50000,
      55000,
      60000,
      65000,
      70000,
      75000,
      80000,
      85000,
      90000,
      95000,
      100000,
      105000,
      110000,
      115000,
      120000,
      125000,
      130000,
      135000,
      140000,
      145000,
      150000,
      155000,
      160000,
      165000,
      170000,
      175000,
      180000,
      185000,
      190000,
      195000,
      200000
    ],
    "mean_rewards": [
      1005.3304923599999,
      684.21531798,
      472.63972973999995,
      1063.5659893399998,
      1133.2307808599999,
      1084.0291351600001,
      1111.6947297800002,
      1126.37545722,
      1113.41643322,
      1136.86360552,
      1149.06517074,
      1127.5962380400001,
      1146.7995148399998,
      1128.00504898,
      1146.43211578,
      1140.1546367,
      1113.5744120999998,
      1139.9045655000002,
      1024.4770125999999,
      1117.36894244,
      1076.2976337999999,
      999.8442805400002,
      1076.7721263800001,
      1057.6966813400002,
      1066.4609012199999,
      1077.61575828,
      1055.27351182,
      768.6170373799999,
      751.77394904,
      666.68781672,
      598.99522524,
      1083.4013909,
      1084.6093286000003,
      1089.0254768999998,
      1006.82993838,
      1017.9760512800001,
      951.3086178199999,
      975.7447833800001,
      1011.16682882,
      961.3041927000002
    ]
  },
  "entropy_log": [],
  "reward_log": [],
  "steps_log": [],
  "checkpoint": "/kaggle/working/ARIA_results/checkpoints/ppo_exp_01"
}