{
  "exp": "03",
  "description": "Low LR + stable fine-tuning",
  "effect": "Long rollout captures germination rewards across diverse zones. Tighter clip and low LR prevent instability. Best candidate for ecological metrics on unseen terrain.",
  "config": {
    "learning_rate": 5e-05,
    "gamma": 0.99,
    "n_steps": 4096,
    "batch_size": 128,
    "n_epochs": 20,
    "clip_range": 0.1,
    "ent_coef": 0.1,
    "use_curriculum": false
  },
  "eval_results": {
    "timesteps": [
      5000,
      10000,
      15000,
      20000,
      25000,
      30000,
      35000,
      40000,
      45000,
      50000,
      55000,
      60000,
      65000,
      70000,
      75000,
      80000,
      85000,
      90000,
      95000,
      100000,
      105000,
      110000,
      115000,
      120000,
      125000,
      130000,
      135000,
      140000,
      145000,
      150000,
      155000,
      160000,
      165000,
      170000,
      175000,
      180000,
      185000,
      190000,
      195000,
      200000
    ],
    "mean_rewards": [
      1032.20826444,
      1095.1732959400001,
      1056.28225444,
      1108.68470116,
      1109.41411806,
      1088.8310865199999,
      1038.0728569199998,
      1041.18323392,
      1013.18744416,
      1102.2413583,
      1072.68515438,
      1058.7038487,
      1044.9568113,
      960.3107443399999,
      1056.2626944200001,
      1017.6766506999999,
      1070.91867952,
      1031.32927972,
      1090.65263074,
      1095.2272812,
      1047.4452900999997,
      1097.9839432,
      1049.47900024,
      1079.1887142000003,
      1148.11586856,
      1135.3404748,
      1158.59784044,
      1103.8715352400002,
      1129.14970642,
      1157.4400609599998,
      1154.71881078,
      954.45328368,
      1111.80188292,
      1125.26074018,
      1120.56283236,
      1102.8139883000001,
      1136.71012498,
      1123.07562,
      1117.14513602,
      1133.7809363000001
    ]
  },
  "entropy_log": [],
  "reward_log": [],
  "steps_log": [],
  "checkpoint": "/kaggle/working/ARIA_results/checkpoints/ppo_exp_03"
}