{
  "w": [
    0.4543195656922319,
    0.2908460079749401,
    0.03752255979032287,
    0.056617920950173706,
    0.7615229252761144,
    -0.1518398256467729,
    -0.17604624475913216
  ],
  "b": 1.3665371934138377,
  "n_features": 7,
  "n_updates": 10461
}