{
  "w": [
    0.015235853987721568,
    -0.05199920531202478,
    0.03752255979032287,
    0.0470282358195607,
    -0.09755175943269183,
    -0.06510897534311591
  ],
  "b": 0.0,
  "n_features": 6,
  "n_updates": 0
}